teacher,weekday,lesson_no,subject,class_name
ABAV,1,6,PEY,7F
ABAV,1,7,PEY,7C
ABAV,2,1,REHB,7E
ABAV,2,3,PEY,7A
ABAV,2,6,PEY,7B
ABAV,2,7,PEY,7F
ABAV,3,1,DİN,7C
ABAV,3,2,DİN,7C
ABAV,3,3,PEY,7E
ABAV,3,4,PEY,7B
ABAV,3,6,DİN,7A
ABAV,3,7,DİN,7A
ABAV,4,1,PEY,7A
ABAV,4,2,PEY,7C
ABAV,4,3,DİN,7E
ABAV,4,4,DİN,7E
ABAV,4,6,DİN,7F
ABAV,4,7,DİN,7F
ABAV,5,1,DİN,7B
ABAV,5,2,DİN,7B
ABAV,5,3,PEY,7E
ABAV,5,6,DİN,7D
ABAV,5,7,DİN,7D
ACE,1,3,BİLİŞ,5B
ACE,1,4,BİLİŞ,5B
ACE,2,1,BİLİŞ,6A
ACE,2,2,BİLİŞ,6A
ACE,2,3,REHB,5B
ACE,2,6,BİLİŞ,6C
ACE,2,7,BİLİŞ,6C
ACE,4,3,BİLİŞ,6D
ACE,4,4,BİLİŞ,6D
ACE,4,6,BİLİŞ,6F
ACE,4,7,BİLİŞ,6F
ACE,5,1,BİLİŞ,6E
ACE,5,2,BİLİŞ,6E
ACE,5,3,BİLİŞ,6B
ACE,5,4,BİLİŞ,6B
AKAT,1,1,MAT,7D
AKAT,1,2,MAT,7D
AKAT,2,1,MAT,7A
AKAT,2,2,MAT,7A
AKAT,2,3,MAT,6A
AKAT,2,4,MAT,6A
AKAT,3,1,MAT,6A
AKAT,3,2,MAT,7A
AKAT,3,3,BİLUY,7D
AKAT,4,1,MAT,6A
AKAT,4,2,MAT,6A
AKAT,4,4,MAT,7D
AKAT,5,1,MAT,7D
AKAT,5,2,MAT,7D
AKAT,5,5,BİLUY,7D
AKAT,5,6,MAT,7A
AKAT,5,7,MAT,7A
ALTÜ,1,1,KURAN,6B
ALTÜ,1,6,KURAN,6D
ALTÜ,1,7,KURAN,6C
ALTÜ,2,1,KURAN,6B
ALTÜ,2,5,KURAN,6E
ALTÜ,2,6,KURAN,6D
ALTÜ,2,7,REHB,6D
ALTÜ,3,1,KURAN,6C
ALTÜ,3,7,KURAN,6F
ALTÜ,4,3,KURAN,6E
ALTÜ,4,5,KURAN,6F
ALTÜ,4,6,KURAN,6A
ALTÜ,4,7,KURAN,6A
AYAY,2,1,SOS,6D
AYAY,2,2,SOS,6D
AYAY,2,3,İNK,8A
AYAY,2,4,İNK,8A
AYAY,2,6,SOS,6F
AYAY,2,7,AHVA,8A
AYAY,3,1,SOS,5C
AYAY,3,2,SOS,5C
AYAY,3,4,SOS,6A
AYAY,3,5,SOS,6A
AYAY,3,6,SOS,6B
AYAY,3,7,AHVA,8A
AYAY,4,6,SOS,6B
AYAY,4,7,SOS,6B
AYAY,5,1,SOS,5C
AYAY,5,3,SOS,6D
AYAY,5,4,SOS,6A
AYAY,5,6,SOS,6F
AYAY,5,7,SOS,6F
AYER,2,1,SOS,6C
AYER,2,4,SOS,7A
AYER,2,5,SOS,7C
AYER,2,6,SOS,7C
AYER,2,7,AHVA,8B
AYER,3,2,SOS,6E
AYER,3,3,SOS,6E
AYER,3,4,AHVA,8B
AYER,3,5,SOS,7B
AYER,3,6,SOS,6C
AYER,3,7,SOS,6C
AYER,4,1,SOS,6E
AYER,4,2,SOS,7A
AYER,4,3,SOS,7A
AYER,4,5,SOS,7C
AYER,4,6,SOS,7B
AYER,4,7,SOS,7B
AYER,5,6,İNK,8B
AYER,5,7,İNK,8B
AYSA,1,1,GÖRS,8A
AYSA,1,2,GÖRS,5B
AYSA,1,3,GÖRS,7B
AYSA,1,4,GÖRS,8D
AYSA,1,5,GÖRS,7A
AYSA,2,1,GÖRS,7C
AYSA,2,2,GÖRS,7F
AYSA,2,3,GÖRS,5A
AYSA,2,5,REHB,8A
AYSA,3,3,GÖRS,6D
AYSA,3,4,GÖRS,8C
AYSA,3,5,GÖRS,6C
AYSA,3,6,GÖRS,6F
AYSA,3,7,GÖRS,8B
AYSA,4,1,GÖRS,5C
AYSA,4,2,GÖRS,6E
AYSA,4,3,GÖRS,6A
AYSA,5,1,GÖRS,5D
AYSA,5,2,GÖRS,5E
AYSA,5,3,GÖRS,8E
AYSA,5,4,GÖRS,7D
AYSA,5,5,GÖRS,8F
AYSA,5,6,GÖRS,7E
AYSA,5,7,GÖRS,6B
AYYA,2,6,YD,8C
AYYA,2,7,YD,8C
AYYA,3,1,YD,8F
AYYA,3,2,YD,8F
AYYA,3,5,REHB,7A
AYYA,3,6,YD,7B
AYYA,3,7,YD,7B
AYYA,4,3,YD,8C
AYYA,4,4,YD,8C
AYYA,4,6,YD,7A
AYYA,4,7,YD,7A
AYYA,5,1,YD,8F
AYYA,5,2,YD,8F
AYYA,5,4,YD,7A
AYYA,5,5,YD,7A
AYYA,5,6,YD,7B
AYYA,5,7,YD,7B
AYYE,1,4,FEN,7C
AYYE,1,5,FEN,7C
AYYE,1,6,FEN,7D
AYYE,1,7,FEN,7D
AYYE,3,1,FEN,7D
AYYE,3,2,FEN,7D
AYYE,3,3,FEN,7C
AYYE,3,4,FEN,7C
AYYE,3,6,FEN,6A
AYYE,3,7,FEN,6A
AYYE,4,1,FEN,6B
AYYE,4,2,FEN,6B
AYYE,4,5,FEN,6D
AYYE,4,6,FEN,6D
AYYE,5,1,FEN,6B
AYYE,5,2,FEN,6B
AYYE,5,4,FEN,6D
AYYE,5,5,FEN,6D
AYYE,5,6,FEN,6A
AYYE,5,7,FEN,6A
AYÖZ,1,1,YDS,6F
AYÖZ,1,2,YD,7C
AYÖZ,1,3,YD,7C
AYÖZ,1,4,REHB,6F
AYÖZ,1,6,YD,8E
AYÖZ,1,7,YD,8E
AYÖZ,2,1,YD,6F
AYÖZ,2,2,YD,7C
AYÖZ,2,3,YD,7C
AYÖZ,4,3,YD,6F
AYÖZ,4,4,YD,6F
AYÖZ,4,5,YD,5D
AYÖZ,5,3,YDS,6F
AYÖZ,5,4,YD,5D
AYÖZ,5,5,YD,5D
AYÖZ,5,6,YD,8E
AYÖZ,5,7,YD,8E
BEYA,1,1,ÇEVRE,8D
BEYA,1,2,FEN,8A
BEYA,1,3,FEN,8A
BEYA,1,4,FEN,6E
BEYA,1,5,FEN,6E
BEYA,2,1,ÇEVRE,8D
BEYA,2,2,FEN,6C
BEYA,2,3,FEN,6C
BEYA,2,4,FEN,8D
BEYA,2,5,FEN,8D
BEYA,3,1,FEN,8A
BEYA,3,2,FEN,8A
BEYA,3,4,FEN,6E
BEYA,3,5,FEN,6E
BEYA,4,1,FEN,6F
BEYA,4,2,FEN,6F
BEYA,4,4,FEN,8D
BEYA,4,5,FEN,8D
BEYA,5,1,FEN,6F
BEYA,5,2,FEN,6F
BEYA,5,6,FEN,6C
BEYA,5,7,FEN,6C
EMDO,2,1,SOS,5A
EMDO,2,2,İNK,8D
EMDO,2,3,İNK,8D
EMDO,2,5,SOS,7D
EMDO,2,6,AHVA,8E
EMDO,2,7,AHVA,8E
EMDO,3,1,SOS,5A
EMDO,3,2,SOS,5A
EMDO,3,3,İNK,8F
EMDO,3,4,İNK,8F
EMDO,3,6,İNK,8E
EMDO,3,7,İNK,8E
EMDO,4,1,REHB,8F
EMDO,4,3,SOS,5B
EMDO,4,5,SOS,7D
EMDO,4,6,SOS,7D
EMDO,4,7,AHVA,8F
EMDO,5,3,NEGÖ,5A
EMDO,5,4,SOS,5B
EMDO,5,5,SOS,5B
EMDO,5,6,AHVA,8F
EMDO,5,7,NEGÖ,5B
ERKI,2,2,MÜZ,8C
ERKI,2,4,MÜZ,7C
ERKI,2,5,MÜZ,6A
ERKI,2,6,MÜZ,8B
ERKI,2,7,MÜZ,7A
ERKI,3,2,MÜZ,8E
ERKI,3,3,MÜZ,7F
ERKI,3,4,MÜZ,7D
ERKI,3,5,MÜZ,6F
ERKI,3,6,MÜZ,5C
ERKI,3,7,MÜZ,6D
ERKI,4,2,MÜZ,5D
ERKI,4,3,MÜZ,8F
ERKI,4,4,MÜZ,6B
ERKI,4,5,MÜZ,7B
ERKI,4,6,MÜZ,8D
ERKI,4,7,MÜZ,8A
ERKI,5,2,MÜZ,7E
ERKI,5,3,MÜZ,6C
ERKI,5,4,MÜZ,5A
ERKI,5,5,MÜZ,5E
ERKI,5,6,MÜZ,5B
ERKI,5,7,MÜZ,6E
FEBA,1,2,MAT,6C
FEBA,1,3,MAT,6C
FEBA,1,4,MAT,6D
FEBA,1,5,MAT,6D
FEBA,1,6,MAT,8C
FEBA,1,7,MAT,8C
FEBA,2,3,MAT,6D
FEBA,2,4,MAT,8E
FEBA,2,5,MAT,8E
FEBA,3,2,MAT,6C
FEBA,3,3,MAT,8E
FEBA,3,4,MAT,6D
FEBA,3,5,MAT,6D
FEBA,3,6,MAT,8C
FEBA,3,7,MAT,8C
FEBA,4,2,MAT,8C
FEBA,4,4,MAT,6C
FEBA,4,5,MAT,6C
FEBA,4,6,MAT,8E
FEBA,4,7,MAT,8E
FGA,1,1,MAT,8B
FGA,1,3,MAT,5E
FGA,1,4,MAT,5E
FGA,1,6,MAT,8A
FGA,1,7,MAT,8A
FGA,2,1,MAT,8A
FGA,2,2,MAT,8A
FGA,2,3,MAT,5E
FGA,2,4,MAT,5E
FGA,3,1,MAT,5E
FGA,3,2,MAT,8B
FGA,3,3,MAT,8B
FGA,4,1,MAT,8A
FGA,4,2,MAT,8B
FGA,4,3,MAT,8B
GÖYA,1,3,MADE,6A
GÖYA,1,4,TÜR,5A
GÖYA,1,5,TÜR,5A
GÖYA,1,7,MADE,6B
GÖYA,2,4,TÜR,7B
GÖYA,2,5,TÜR,7B
GÖYA,2,6,TÜR,7E
GÖYA,2,7,TÜR,7E
GÖYA,3,3,TÜR,7B
GÖYA,3,4,TÜR,5A
GÖYA,3,5,TÜR,5A
GÖYA,3,6,TÜR,7E
GÖYA,3,7,TÜR,7E
GÖYA,4,1,TÜR,5A
GÖYA,4,2,TÜR,5A
GÖYA,4,3,TÜR,7B
GÖYA,4,4,TÜR,7B
GÖYA,4,5,TÜR,7E
GÜİN,1,1,KURAN,5B
GÜİN,1,2,DİN,8D
GÜİN,1,3,DİN,8D
GÜİN,1,5,PEY,7D
GÜİN,2,1,DİN,6E
GÜİN,2,2,DİN,6E
GÜİN,2,4,DİN,5A
GÜİN,2,5,DİN,5A
GÜİN,3,1,DİN,6F
GÜİN,3,2,DİN,6F
GÜİN,3,3,KURAN,5A
GÜİN,3,5,PEY,7D
GÜİN,4,1,DİN,6D
GÜİN,4,2,DİN,6D
GÜİN,4,3,DİN,8A
GÜİN,4,4,DİN,8A
GÜİN,4,5,KURAN,5A
GÜİN,5,1,KURAN,5B
GÜİN,5,2,DİN,8C
GÜİN,5,3,DİN,8C
GÜİN,5,4,DİN,6C
GÜİN,5,5,DİN,6C
HADA,1,2,YD,7F
HADA,1,3,YD,7F
HADA,1,4,YD,7E
HADA,1,5,YD,7E
HADA,3,4,YD,8D
HADA,3,5,YD,8D
HADA,3,6,YD,5A
HADA,3,7,YD,5A
HADA,4,1,YD,7E
HADA,4,2,YD,7E
HADA,4,4,YD,7F
HADA,4,5,YD,7F
HADA,4,7,REHB,5A
HADA,5,2,YD,8D
HADA,5,3,YD,8D
HADA,5,5,YD,5A
HAKA,1,1,FEN,5D
HAKA,1,2,FEN,5D
HAKA,1,3,ÇEVRE,8F
HAKA,1,4,FEN,8F
HAKA,1,5,FEN,8F
HAKA,1,6,FEN,7B
HAKA,1,7,FEN,7B
HAKA,2,1,ÇEVRE,8F
HAKA,2,2,FEN,5D
HAKA,2,3,FEN,5D
HAKA,2,4,FEN,8F
HAKA,2,5,FEN,8F
HAKA,2,6,ÇEVRE,8A
HAKA,2,7,REHB,7B
HAKA,3,1,FEN,7B
HAKA,3,2,FEN,7B
HAKA,3,5,ÇEVRE,8A
HAKA,3,6,FEN,5B
HAKA,3,7,FEN,5B
HAKA,4,6,FEN,5B
HAKA,4,7,FEN,5B
HAKE,1,1,TETA,8E
HAKE,1,2,TETA,8E
HAKE,1,3,TETA,7A
HAKE,1,4,TETA,7A
HAKE,2,1,TETA,8B
HAKE,2,2,TETA,8B
HAKE,2,3,TETA,7D
HAKE,2,4,TETA,7D
HAKE,3,1,TETA,7F
HAKE,3,2,TETA,7F
HAKE,3,6,TETA,8F
HAKE,3,7,TETA,8F
HAKE,4,1,TETA,7B
HAKE,4,2,TETA,7B
HAKE,4,3,TETA,7C
HAKE,4,4,TETA,7C
HAKE,4,6,TETA,7E
HAKE,4,7,TETA,7E
HAKE,5,1,TETA,8A
HAKE,5,2,TETA,8A
HAKE,5,4,TETA,8C
HAKE,5,5,TETA,8C
HAKE,5,6,TETA,8D
HAKE,5,7,TETA,8D
HAOC,1,1,TÜR,5E
HAOC,1,2,TÜR,5E
HAOC,1,3,MADE,8C
HAOC,1,6,TÜR,5D
HAOC,1,7,TÜR,5D
HAOC,2,6,TÜR,5E
HAOC,2,7,TÜR,5E
HAOC,3,1,MADE,8B
HAOC,3,3,REHB,5E
HAOC,3,4,TÜR,5D
HAOC,3,5,TÜR,5D
HAOC,3,6,TÜR,5E
HAOC,3,7,TÜR,5E
HAOC,4,1,MADE,8B
HAOC,4,3,TÜR,5D
HAOC,4,4,TÜR,5D
HAOC,4,6,MADE,6C
HAOC,4,7,MADE,8C
HÜYA,1,2,BEDEN,6F
HÜYA,1,3,BEDEN,6F
HÜYA,1,4,BEDEN,7F
HÜYA,1,5,BEDEN,7F
HÜYA,1,6,BEDEN,6A
HÜYA,1,7,BEDEN,6A
HÜYA,2,1,BEDEN,7B
HÜYA,2,2,BEDEN,7B
HÜYA,2,4,BEDEN,6B
HÜYA,2,5,BEDEN,6B
HÜYA,3,1,BEDEN,6D
HÜYA,3,2,BEDEN,6D
HÜYA,3,3,BEDEN,6C
HÜYA,3,4,BEDEN,6C
HÜYA,3,5,BEDEN,7E
HÜYA,4,1,BED,7D
HÜYA,4,2,BED,7D
HÜYA,4,3,REHB,7D
HÜYA,4,4,BEDEN,7A
HÜYA,4,5,BEDEN,7A
HÜYA,5,1,BEDEN,7C
HÜYA,5,2,BEDEN,7C
HÜYA,5,3,BEDEN,6E
HÜYA,5,4,BEDEN,6E
HÜYA,5,5,BEDEN,7E
HÜÇI,1,1,YDS,5A
HÜÇI,1,2,YD,8B
HÜÇI,1,3,YD,8B
HÜÇI,1,4,YDS,6B
HÜÇI,1,5,YD,6B
HÜÇI,1,6,YD,6B
HÜÇI,1,7,YDS,6D
HÜÇI,2,6,YDS,5B
HÜÇI,2,7,YDS,5B
HÜÇI,3,1,YDS,6B
HÜÇI,3,3,YD,5B
HÜÇI,3,5,YD,8B
HÜÇI,3,6,YD,8B
HÜÇI,3,7,REHB,6B
HÜÇI,4,3,YD,6B
HÜÇI,4,4,YD,5B
HÜÇI,4,5,YD,5B
HÜÇI,4,6,YDS,5A
HÜÇI,4,7,YDS,6D
KAKI,1,1,BEDEN,8F
KAKI,1,2,BEDEN,8F
KAKI,1,4,BEDEN,8A
KAKI,1,5,BEDEN,8A
KAKI,1,6,BEDEN,5C
KAKI,1,7,BEDEN,5C
KAKI,2,1,BEDEN,5B
KAKI,2,2,BEDEN,5B
KAKI,2,4,BEDEN,8C
KAKI,2,5,BEDEN,8C
KAKI,3,2,BEDEN,5D
KAKI,3,3,BEDEN,5D
KAKI,3,4,BEDEN,5E
KAKI,3,5,BEDEN,5E
KAKI,4,1,BEDEN,8D
KAKI,4,2,BEDEN,8D
KAKI,4,4,BEDEN,8E
KAKI,4,5,BEDEN,8E
KAKI,5,1,BEDEN,5A
KAKI,5,2,BEDEN,5A
KAKI,5,4,BEDEN,8B
KAKI,5,5,BEDEN,8B
KEBE,1,1,REHB,7F
KEBE,1,5,MAT,8D
KEBE,1,6,MAT,8D
KEBE,1,7,MAT,6F
KEBE,2,1,BİLUY,7F
KEBE,2,2,MAT,6F
KEBE,2,3,MAT,6F
KEBE,3,1,MAT,8D
KEBE,3,2,MAT,8D
KEBE,3,4,MAT,7F
KEBE,4,1,MAT,7F
KEBE,4,2,MAT,7F
KEBE,4,3,MAT,8D
KEBE,5,1,MAT,7F
KEBE,5,2,MAT,7F
KEBE,5,3,BİLUY,7F
KEBE,5,4,MAT,6F
KEBE,5,5,MAT,6F
MEGI,1,1,TÜR,8C
MEGI,1,2,TÜR,8C
MEGI,1,3,MADE,6D
MEGI,1,6,TÜR,5B
MEGI,1,7,TÜR,5B
MEGI,2,6,TÜR,7D
MEGI,2,7,TÜR,7D
MEGI,3,1,TÜR,5B
MEGI,3,2,TÜR,5B
MEGI,3,3,TÜR,8C
MEGI,3,5,REHB,8C
MEGI,3,6,TÜR,7D
MEGI,3,7,TÜR,7D
MEGI,4,1,TÜR,5B
MEGI,4,2,TÜR,5B
MEGI,4,5,TÜR,8C
MEGI,4,6,TÜR,8C
MEGI,4,7,TÜR,7D
MUCA,1,1,SOS,7E
MUCA,1,2,SOS,7E
MUCA,1,3,NEGÖ,5D
MUCA,1,5,SOS,5E
MUCA,1,6,SOS,5E
MUCA,1,7,AHVA,8D
MUCA,2,3,AHVA,8C
MUCA,2,5,SOS,7F
MUCA,2,6,SOS,7F
MUCA,2,7,SOS,5D
MUCA,3,1,İNK,8C
MUCA,3,2,İNK,8C
MUCA,3,3,NEGÖ,5C
MUCA,3,4,SOS,7E
MUCA,3,6,AHVA,8D
MUCA,3,7,SOS,7F
MUCA,4,1,AHVA,8C
MUCA,4,2,SOS,5E
MUCA,4,3,NEGÖ,5E
MUCA,4,6,SOS,5D
MUCA,4,7,SOS,5D
MUFİ,1,2,TÜR,6B
MUFİ,1,3,TÜR,6B
MUFİ,1,5,TÜR,6F
MUFİ,1,6,TÜR,6F
MUFİ,2,2,TÜR,6B
MUFİ,2,3,TÜR,6B
MUFİ,2,4,TÜR,6F
MUFİ,2,5,TÜR,6F
MUFİ,3,3,TÜR,6F
MUFİ,3,4,TÜR,6F
MUFİ,3,5,TÜR,8F
MUFİ,4,2,MADE,8F
MUFİ,4,4,TÜR,8F
MUFİ,4,5,TÜR,8F
MUFİ,5,3,TÜR,8F
MUFİ,5,4,TÜR,8F
MUFİ,5,5,TÜR,6B
MUFİ,5,6,TÜR,6B
MUFİ,5,7,MADE,8F
MUSA,2,3,TÜR,7F
MUSA,2,4,TÜR,7F
MUSA,2,5,TÜR,7A
MUSA,2,6,TÜR,7A
MUSA,2,7,MADE,6F
MUSA,3,3,TÜR,7A
MUSA,3,4,TÜR,7A
MUSA,3,5,REHB,7C
MUSA,3,6,TÜR,7C
MUSA,3,7,TÜR,7C
MUSA,4,1,TÜR,7C
MUSA,4,2,MADE,8A
MUSA,4,3,TÜR,7F
MUSA,5,1,TÜR,7A
MUSA,5,3,TÜR,7C
MUSA,5,4,TÜR,7C
MUSA,5,5,MADE,8A
MUSA,5,6,TÜR,7F
MUSA,5,7,TÜR,7F
NEÖZ,1,3,MAT,6E
NEÖZ,1,5,MAT,5B
NEÖZ,1,6,MAT,5A
NEÖZ,1,7,MAT,5A
NEÖZ,2,2,MAT,5A
NEÖZ,2,4,MAT,5B
NEÖZ,2,5,MAT,5B
NEÖZ,2,6,MAT,6B
NEÖZ,2,7,MAT,6B
NEÖZ,3,1,REHB,6E
NEÖZ,3,2,MAT,6B
NEÖZ,3,3,MAT,6B
NEÖZ,3,4,MAT,5B
NEÖZ,3,5,MAT,5B
NEÖZ,3,6,MAT,6E
NEÖZ,3,7,MAT,6E
NEÖZ,4,3,MAT,5A
NEÖZ,4,4,MAT,5A
NEÖZ,4,5,MAT,6B
NEÖZ,4,6,MAT,6E
NEÖZ,4,7,MAT,6E
NİKA,1,1,TÜR,6D
NİKA,1,2,TÜR,6D
NİKA,1,3,TÜR,8E
NİKA,1,4,TÜR,6A
NİKA,1,5,TÜR,6A
NİKA,2,1,TÜR,8E
NİKA,2,2,TÜR,8E
NİKA,2,4,TÜR,6D
NİKA,2,5,TÜR,6D
NİKA,3,1,MADE,8E
NİKA,3,2,TÜR,6A
NİKA,3,3,TÜR,6A
NİKA,3,4,TÜR,8E
NİKA,3,5,TÜR,8E
NİKA,5,1,TÜR,6A
NİKA,5,2,TÜR,6A
NİKA,5,4,MADE,8E
NİKA,5,6,TÜR,6D
NİKA,5,7,TÜR,6D
SUT,1,2,FEN,5A
SUT,1,3,FEN,5A
SUT,1,4,FEN,8E
SUT,1,5,FEN,8E
SUT,1,6,ÇEVRE,8B
SUT,1,7,ÇEVRE,8B
SUT,2,1,FEN,5E
SUT,2,2,FEN,5E
SUT,2,3,REHB,8E
SUT,2,4,FEN,8B
SUT,2,5,FEN,8B
SUT,2,6,FEN,5A
SUT,2,7,FEN,5A
SUT,4,1,ÇEVRE,8E
SUT,4,4,FEN,8B
SUT,4,5,FEN,8B
SUT,5,1,FEN,8E
SUT,5,2,FEN,8E
SUT,5,3,FEN,5E
SUT,5,4,FEN,5E
SUT,5,5,ÇEVRE,8E
SİNAN,1,3,BİLUY,7E
SİNAN,1,4,REHB,5D
SİNAN,1,5,MAT,5D
SİNAN,1,6,MAT,7E
SİNAN,1,7,MAT,7E
SİNAN,2,2,MAT,7E
SİNAN,2,3,MAT,7E
SİNAN,2,5,MAT,5D
SİNAN,2,6,MAT,5D
SİNAN,2,7,MAT,7C
SİNAN,4,6,MAT,7C
SİNAN,4,7,MAT,7C
SİNAN,5,2,MAT,5D
SİNAN,5,3,MAT,5D
SİNAN,5,4,MAT,7E
SİNAN,5,5,MAT,7C
SİNAN,5,6,MAT,7C
SİNAN,5,7,BİLUY,7E
TUAT,1,1,DİN,6A
TUAT,1,2,DİN,6A
TUAT,1,3,KURAN,5C
TUAT,1,4,DİN,8B
TUAT,1,5,DİN,8B
TUAT,2,1,KURAN,5C
TUAT,2,2,DİN,8F
TUAT,2,3,DİN,8F
TUAT,2,4,DİN,5D
TUAT,2,5,KURAN,5E
TUAT,3,2,KURAN,5E
TUAT,3,4,DİN,6B
TUAT,3,5,DİN,6B
TUAT,4,1,DİN,5D
TUAT,4,2,DİN,8E
TUAT,4,3,DİN,8E
TUAT,4,4,DİN,5E
TUAT,4,5,DİN,5E
TUAT,5,1,REHB,8B
TUAT,5,2,DİN,5B
TUAT,5,3,DİN,5B
TUAT,5,4,DİN,5C
TUAT,5,5,DİN,5C
TUAT,5,6,KURAN,5D
TUAT,5,7,KURAN,5D
TUÇİ,1,1,FEN,7A
TUÇİ,1,2,FEN,7A
TUÇİ,1,4,FEN,8C
TUÇİ,1,5,FEN,8C
TUÇİ,2,1,ÇEVRE,8C
TUÇİ,2,2,FEN,5C
TUÇİ,2,3,FEN,5C
TUÇİ,2,4,FEN,7E
TUÇİ,2,5,FEN,7E
TUÇİ,3,1,FEN,7E
TUÇİ,3,2,FEN,7E
TUÇİ,3,5,FEN,7F
TUÇİ,3,6,FEN,7F
TUÇİ,3,7,REHB,5C
TUÇİ,4,4,FEN,5C
TUÇİ,4,5,FEN,5C
TUÇİ,5,1,ÇEVRE,8C
TUÇİ,5,2,FEN,7A
TUÇİ,5,3,FEN,7A
TUÇİ,5,4,FEN,7F
TUÇİ,5,5,FEN,7F
TUÇİ,5,6,FEN,8C
TUÇİ,5,7,FEN,8C
UĞKO,1,1,YDS,5C
UĞKO,1,2,YDS,5C
UĞKO,2,1,YDS,5D
UĞKO,3,1,YDS,5D
UĞKO,4,1,YDS,5E
UĞKO,5,1,YDS,5E
YUNA,1,4,TÜR,6C
YUNA,1,5,TÜR,6C
YUNA,1,6,TÜR,6E
YUNA,1,7,TÜR,6E
YUNA,2,3,TÜR,8B
YUNA,2,4,TÜR,6C
YUNA,2,5,TÜR,6C
YUNA,2,6,TÜR,6E
YUNA,2,7,TÜR,6E
YUNA,4,1,TÜR,6C
YUNA,4,2,TÜR,6C
YUNA,4,3,REHB,6C
YUNA,4,4,TÜR,6E
YUNA,4,5,TÜR,6E
YUNA,4,6,TÜR,8B
YUNA,4,7,TÜR,8B
YUNA,5,2,TÜR,8B
YUNA,5,3,TÜR,8B
YUNA,5,5,MADE,6E
YUÇE,1,1,BİLUY,7C
YUÇE,1,2,BİLUY,7B
YUÇE,1,6,BİLUY,7A
YUÇE,1,7,BİLUY,7A
YUÇE,5,5,BİLUY,7B
YUÇE,5,7,BİLUY,7C
ZEBA,1,1,YD,6E
ZEBA,1,2,YD,6E
ZEBA,1,3,YD,7D
ZEBA,1,4,YD,7D
ZEBA,2,1,YD,7D
ZEBA,2,2,YD,7D
ZEBA,2,3,YD,6E
ZEBA,2,4,YDS,6E
ZEBA,3,3,YD,8A
ZEBA,3,4,YD,8A
ZEBA,3,6,YD,6D
ZEBA,5,1,YD,6D
ZEBA,5,2,YD,6D
ZEBA,5,3,YD,8A
ZEBA,5,4,YD,8A
ZEBA,5,6,YDS,6E
ÖZGÜ,2,6,TÜR,8D
ÖZGÜ,2,7,TÜR,8D
ÖZGÜ,3,3,TÜR,8D
ÖZGÜ,3,4,TÜR,5C
ÖZGÜ,3,5,TÜR,5C
ÖZGÜ,3,6,TÜR,8A
ÖZGÜ,3,7,REHB,8D
ÖZGÜ,4,2,TÜR,5C
ÖZGÜ,4,3,TÜR,5C
ÖZGÜ,4,5,TÜR,8A
ÖZGÜ,4,6,TÜR,8A
ÖZGÜ,4,7,MADE,8D
ÖZGÜ,5,1,MADE,8D
ÖZGÜ,5,2,TÜR,5C
ÖZGÜ,5,3,TÜR,5C
ÖZGÜ,5,4,TÜR,8D
ÖZGÜ,5,5,TÜR,8D
ÖZGÜ,5,6,TÜR,8A
ÖZGÜ,5,7,TÜR,8A
ÖZMU,1,1,YD,6C
ÖZMU,1,4,YD,5C
ÖZMU,1,5,YD,5C
ÖZMU,1,6,YDS,6C
ÖZMU,1,7,YD,5E
ÖZMU,2,6,YD,6A
ÖZMU,2,7,YD,6A
ÖZMU,4,4,YD,6A
ÖZMU,4,5,YDS,6A
ÖZMU,4,6,YD,5C
ÖZMU,4,7,YDS,6C
ÖZMU,5,1,YD,6C
ÖZMU,5,2,YD,6C
ÖZMU,5,3,REHB,6A
ÖZMU,5,5,YDS,6A
ÖZMU,5,6,YD,5E
ÖZMU,5,7,YD,5E
İTÇ,1,4,MAT,7B
İTÇ,1,5,MAT,7B
İTÇ,1,6,MAT,8F
İTÇ,1,7,MAT,8F
İTÇ,2,3,MAT,7B
İTÇ,2,4,MAT,5C
İTÇ,2,5,MAT,5C
İTÇ,2,6,MAT,8F
İTÇ,2,7,MAT,8F
İTÇ,4,6,MAT,8F
İTÇ,4,7,MAT,5C
İTÇ,5,3,MAT,7B
İTÇ,5,4,MAT,7B
İTÇ,5,6,MAT,5C
İTÇ,5,7,MAT,5C
İZÇİ,1,1,DİSA,7B
İZÇİ,1,6,DİSA,7C
İZÇİ,1,7,DİSA,7F
İZÇİ,2,6,BİLİŞ,5C
İZÇİ,2,7,BİLİŞ,5C
İZÇİ,3,1,DİSA,7A
İZÇİ,3,6,BİLİŞ,5D
İZÇİ,3,7,BİLİŞ,5D
İZÇİ,4,6,BİLİŞ,5E
İZÇİ,4,7,BİLİŞ,5E
İZÇİ,5,1,DİSA,7E
İZÇİ,5,3,DİSA,7D
İZÇİ,5,6,BİLİŞ,5A
İZÇİ,5,7,BİLİŞ,5A
